experiment,fold,train_accuracy,test_accuracy,val_accuracy,test_precision,test_recall,test_f1,val_precision,val_recall,val_f1,timeuse,rank
decision trees(depth=1),2,0.999069072452253,0.999015715191352,0.999146150562118,0.655172413793103,0.493506493506494,0.562962962962963,0.785714285714286,0.740384615384615,0.762376237623762,3.65697813034058,5
decision trees(depth=5),3,0.999460420990216,0.999416102232158,0.999448545761807,0.85,0.662337662337662,0.744525547445255,0.918604651162791,0.766990291262136,0.835978835978836,12.5018730163574,4
decision trees(depth=10),1,0.999567143204445,0.99956624737246,0.999430787292326,0.904761904761905,0.74025974025974,0.814285714285714,0.86734693877551,0.817307692307692,0.841584158415842,24.2220139503479,2
decision trees(depth=15),1,0.999567143204445,0.99956624737246,0.999430787292326,0.904761904761905,0.74025974025974,0.814285714285714,0.86734693877551,0.817307692307692,0.841584158415842,32.4593000411987,2
decision trees(depth=20),1,0.999567143204445,0.99956624737246,0.999430787292326,0.904761904761905,0.74025974025974,0.814285714285714,0.86734693877551,0.817307692307692,0.841584158415842,31.0818960666656,2
