experiment,fold,train_accuracy,test_accuracy,val_accuracy,test_precision,test_recall,test_f1,val_precision,val_recall,val_f1,timeuse,rank
baseline,1,0.999567143204445,0.99956624737246,0.999430787292326,0.904761904761905,0.74025974025974,0.814285714285714,0.86734693877551,0.817307692307692,0.841584158415842,40.237193107605,1
remove Amount,1,0.999567143204445,0.99956624737246,0.999430787292326,0.904761904761905,0.74025974025974,0.814285714285714,0.86734693877551,0.817307692307692,0.841584158415842,42.3066749572754,1
log,1,0.999567143204445,0.99956624737246,0.999430787292326,0.904761904761905,0.74025974025974,0.814285714285714,0.86734693877551,0.817307692307692,0.841584158415842,41.2101051807404,1
min_max_norm,1,0.999567143204445,0.99956624737246,0.999430787292326,0.904761904761905,0.74025974025974,0.814285714285714,0.86734693877551,0.817307692307692,0.841584158415842,39.8025841712952,1
zscore_norm,1,0.999567143204445,0.99956624737246,0.999430787292326,0.904761904761905,0.74025974025974,0.814285714285714,0.86734693877551,0.817307692307692,0.841584158415842,40.7337739467621,1
