experiment,fold,train_accuracy,test_accuracy,val_accuracy,test_precision,test_recall,test_f1,val_precision,val_recall,val_f1,timeuse,rank
baseline,1,0.999567143204445,0.99956624737246,0.999430787292326,0.904761904761905,0.74025974025974,0.814285714285714,0.86734693877551,0.817307692307692,0.841584158415842,32.8087618350983,1
remove time,1,0.999567143204445,0.99956624737246,0.999430787292326,0.904761904761905,0.74025974025974,0.814285714285714,0.86734693877551,0.817307692307692,0.841584158415842,34.864245891571,1
time(log),1,0.999567143204445,0.99956624737246,0.999430787292326,0.904761904761905,0.74025974025974,0.814285714285714,0.86734693877551,0.817307692307692,0.841584158415842,37.6272659301758,1
time(min_max_norm),1,0.999567143204445,0.99956624737246,0.999430787292326,0.904761904761905,0.74025974025974,0.814285714285714,0.86734693877551,0.817307692307692,0.841584158415842,30.6543171405792,1
time(zscore_norm),1,0.999567143204445,0.99956624737246,0.999430787292326,0.904761904761905,0.74025974025974,0.814285714285714,0.86734693877551,0.817307692307692,0.841584158415842,32.4641580581665,1
time(tran_to_hour),1,0.999567143204445,0.99956624737246,0.999430787292326,0.904761904761905,0.74025974025974,0.814285714285714,0.86734693877551,0.817307692307692,0.841584158415842,32.0870549678802,1
